{"cameraMode":{"drawMode":0,"name":"Shaded","section":"Shading Mode"},"sceneLighting":true,"audioPlay":false,"sceneViewState":{"m_AlwaysRefresh":false,"showFog":true,"showSkybox":true,"showFlares":true,"showImageEffects":true,"showParticleSystems":true,"showVisualEffectGraphs":true,"m_FxEnabled":true},"in2DMode":false,"pivot":{"x":17.468036651611329,"y":13.289241790771485,"z":5.329051494598389},"rotation":{"x":0.018616126850247384,"y":-0.9801183342933655,"z":0.11222019046545029,"w":0.16259704530239106},"size":8.165053367614746,"orthographic":true}